{"mean": [32.37114865824223, 64.76169246059918, 2283.3004408418656], "std": [24.55773742286344, 30.087910854936975, 2264.8394541214802]}